{
  "employees": [
    {
      "id": 100,
      "password": "password",
      "name": "charan",
      "address": "Nellore",
      "age": 23,
      "company": "Cognizant"
    },
    {
      "id": 101,
      "password": "password",
      "name": "Ram",
      "address": "Nellore",
      "age": "25",
      "company": "TCS"
    },
    {
      "id": 102,
      "password": "password",
      "name": "Ravi",
      "address": "Guntur",
      "age": 24,
      "company": "Cognizant"
    },
    {
      "id": 103,
      "password": "password",
      "name": "Naresh",
      "address": "Vijayawada",
      "age": 23,
      "company": "Wipro"
    },
    {
      "id": 104,
      "password": "password",
      "name": "Harish",
      "address": "Vizag",
      "age": "24",
      "company": "Infosys"
    },
    {
      "id": "105",
      "password": "Raju12",
      "name": "Raju",
      "address": "Gudur",
      "age": "26",
      "company": "CTS"
    }
  ]
}